-- phpMyAdmin SQL Dump
-- version 5.2.1
-- https://www.phpmyadmin.net/
--
-- Host: 127.0.0.1
-- Generation Time: Mar 25, 2024 at 06:17 PM
-- Server version: 10.4.32-MariaDB
-- PHP Version: 8.2.12

SET SQL_MODE = "NO_AUTO_VALUE_ON_ZERO";
START TRANSACTION;
SET time_zone = "+00:00";


/*!40101 SET @OLD_CHARACTER_SET_CLIENT=@@CHARACTER_SET_CLIENT */;
/*!40101 SET @OLD_CHARACTER_SET_RESULTS=@@CHARACTER_SET_RESULTS */;
/*!40101 SET @OLD_COLLATION_CONNECTION=@@COLLATION_CONNECTION */;
/*!40101 SET NAMES utf8mb4 */;

--
-- Database: `db_restoran`
--

-- --------------------------------------------------------

--
-- Table structure for table `tb_level`
--

CREATE TABLE `tb_level` (
  `id_level` int(11) NOT NULL,
  `nama_level` varchar(150) NOT NULL
) ENGINE=InnoDB DEFAULT CHARSET=latin1 COLLATE=latin1_swedish_ci;

--
-- Dumping data for table `tb_level`
--

INSERT INTO `tb_level` (`id_level`, `nama_level`) VALUES
(1, 'Administrator'),
(2, 'Waiter'),
(3, 'Kasir'),
(4, 'Owner'),
(5, 'Pelanggan');

-- --------------------------------------------------------

--
-- Table structure for table `tb_masakan`
--

CREATE TABLE `tb_masakan` (
  `id_masakan` int(11) NOT NULL,
  `nama_masakan` varchar(150) NOT NULL,
  `harga` varchar(150) NOT NULL,
  `stok` int(11) NOT NULL,
  `status_masakan` varchar(150) NOT NULL,
  `gambar_masakan` varchar(150) NOT NULL
) ENGINE=InnoDB DEFAULT CHARSET=latin1 COLLATE=latin1_swedish_ci;

--
-- Dumping data for table `tb_masakan`
--

INSERT INTO `tb_masakan` (`id_masakan`, `nama_masakan`, `harga`, `stok`, `status_masakan`, `gambar_masakan`) VALUES
(20, 'Nasi Goreng', '17000', 145, 'tersedia', 'Nasi Goreng.jpg'),
(21, 'Bubur Ayam', '12000', 200, 'tersedia', 'Bubur Ayam.jpg'),
(23, 'Sate Ayam', '20000', 70, 'tersedia', 'Sate Ayam.jpeg');

-- --------------------------------------------------------

--
-- Table structure for table `tb_order`
--

CREATE TABLE `tb_order` (
  `id_order` int(11) NOT NULL,
  `id_admin` int(11) DEFAULT NULL,
  `id_pengunjung` int(11) NOT NULL,
  `waktu_pesan` datetime NOT NULL,
  `no_meja` int(11) NOT NULL,
  `total_harga` varchar(150) NOT NULL,
  `uang_bayar` varchar(150) DEFAULT NULL,
  `uang_kembali` varchar(150) DEFAULT NULL,
  `status_order` varchar(150) NOT NULL
) ENGINE=InnoDB DEFAULT CHARSET=latin1 COLLATE=latin1_swedish_ci;

--
-- Dumping data for table `tb_order`
--

INSERT INTO `tb_order` (`id_order`, `id_admin`, `id_pengunjung`, `waktu_pesan`, `no_meja`, `total_harga`, `uang_bayar`, `uang_kembali`, `status_order`) VALUES
(15, 1, 1, '2019-08-04 16:25:45', 1, '44000', '50000', '6000', 'sudah bayar'),
(18, 1, 7, '2019-08-04 16:37:58', 8, '87000', '100000', '13000', 'sudah bayar'),
(19, 1, 1, '2019-08-04 17:17:09', 1, '22000', '50000', '28000', 'sudah bayar'),
(20, 1, 6, '2019-08-04 18:04:22', 8, '29500', '50000', '20500', 'sudah bayar'),
(25, 7, 10, '2024-03-25 23:29:04', 2, '34000', '34000', '0', 'sudah bayar'),
(27, 7, 6, '2024-03-25 23:33:08', 3, '51000', '70000', '19000', 'sudah bayar'),
(28, 7, 6, '2024-03-25 23:41:20', 4, '44000', '50000', '6000', 'sudah bayar'),
(29, 7, 10, '2024-03-25 23:47:01', 5, '71000', '100000', '29000', 'sudah bayar'),
(30, 7, 6, '2024-03-26 00:10:24', 10, '40000', '50000', '10000', 'sudah bayar'),
(31, 7, 10, '2024-03-26 00:15:01', 11, '74000', '80000', '6000', 'sudah bayar');

-- --------------------------------------------------------

--
-- Table structure for table `tb_pesan`
--

CREATE TABLE `tb_pesan` (
  `id_pesan` int(11) NOT NULL,
  `id_user` int(11) NOT NULL,
  `id_order` int(11) DEFAULT NULL,
  `id_masakan` int(11) NOT NULL,
  `jumlah` int(11) DEFAULT NULL,
  `status_pesan` varchar(150) DEFAULT NULL
) ENGINE=InnoDB DEFAULT CHARSET=latin1 COLLATE=latin1_swedish_ci;

--
-- Dumping data for table `tb_pesan`
--

INSERT INTO `tb_pesan` (`id_pesan`, `id_user`, `id_order`, `id_masakan`, `jumlah`, `status_pesan`) VALUES
(35, 1, 15, 19, 2, 'sudah'),
(36, 1, 15, 14, 4, 'sudah'),
(43, 7, 18, 19, 4, 'sudah'),
(44, 7, 18, 14, 2, 'sudah'),
(45, 7, 18, 8, 4, 'sudah'),
(46, 1, 19, 19, 1, 'sudah'),
(47, 1, 19, 14, 2, 'sudah'),
(48, 6, 20, 8, 2, 'sudah'),
(49, 6, 20, 14, 1, 'sudah'),
(51, 6, 0, 19, 0, 'sudah'),
(52, 6, 0, 14, 0, 'sudah'),
(53, 6, 0, 22, 0, 'sudah'),
(54, 6, 0, 21, 0, 'sudah'),
(55, 10, 25, 22, 2, 'sudah'),
(56, 10, 25, 21, 2, 'sudah'),
(57, 6, 28, 23, 1, 'sudah'),
(58, 6, 28, 21, 2, 'sudah'),
(59, 10, 29, 23, 1, 'sudah'),
(60, 10, 29, 20, 3, 'sudah'),
(61, 6, 30, 23, 2, 'sudah'),
(62, 10, 31, 23, 2, 'sudah'),
(63, 10, 31, 20, 2, 'sudah');

-- --------------------------------------------------------

--
-- Table structure for table `tb_stok`
--

CREATE TABLE `tb_stok` (
  `id_stok` int(11) NOT NULL,
  `id_pesan` int(11) NOT NULL,
  `jumlah_terjual` int(11) DEFAULT NULL,
  `status_cetak` varchar(150) NOT NULL
) ENGINE=InnoDB DEFAULT CHARSET=latin1 COLLATE=latin1_swedish_ci;

--
-- Dumping data for table `tb_stok`
--

INSERT INTO `tb_stok` (`id_stok`, `id_pesan`, `jumlah_terjual`, `status_cetak`) VALUES
(1, 46, 1, 'belum cetak'),
(2, 47, 2, 'belum cetak'),
(3, 48, 2, 'belum cetak'),
(4, 49, 1, 'belum cetak'),
(5, 50, 2, 'belum cetak'),
(6, 51, 0, 'belum cetak'),
(7, 52, 0, 'belum cetak'),
(8, 53, 0, 'belum cetak'),
(9, 54, 0, 'belum cetak'),
(10, 55, 2, 'belum cetak'),
(11, 56, 2, 'belum cetak'),
(12, 57, 1, 'belum cetak'),
(13, 58, 2, 'belum cetak'),
(14, 59, 1, 'belum cetak'),
(15, 60, 3, 'belum cetak'),
(16, 61, 2, 'belum cetak'),
(17, 62, 2, 'belum cetak'),
(18, 63, 2, 'belum cetak');

-- --------------------------------------------------------

--
-- Table structure for table `tb_user`
--

CREATE TABLE `tb_user` (
  `id_user` int(11) NOT NULL,
  `username` varchar(150) NOT NULL,
  `password` varchar(150) NOT NULL,
  `nama_user` varchar(150) NOT NULL,
  `id_level` int(11) NOT NULL,
  `status` varchar(150) NOT NULL
) ENGINE=InnoDB DEFAULT CHARSET=latin1 COLLATE=latin1_swedish_ci;

--
-- Dumping data for table `tb_user`
--

INSERT INTO `tb_user` (`id_user`, `username`, `password`, `nama_user`, `id_level`, `status`) VALUES
(1, 'admin', '123', 'Yoga Esabio', 1, 'aktif'),
(6, 'Waiter', '123', 'Azzahra', 2, 'aktif'),
(7, 'kasir', '123', 'Fitri', 3, 'aktif'),
(8, 'owner', '123', 'Shani', 4, 'aktif'),
(10, 'pelanggan', '123', 'Reza', 5, 'aktif');

--
-- Indexes for dumped tables
--

--
-- Indexes for table `tb_level`
--
ALTER TABLE `tb_level`
  ADD PRIMARY KEY (`id_level`);

--
-- Indexes for table `tb_masakan`
--
ALTER TABLE `tb_masakan`
  ADD PRIMARY KEY (`id_masakan`);

--
-- Indexes for table `tb_order`
--
ALTER TABLE `tb_order`
  ADD PRIMARY KEY (`id_order`),
  ADD KEY `id_admin` (`id_admin`),
  ADD KEY `id_pengunjung` (`id_pengunjung`);

--
-- Indexes for table `tb_pesan`
--
ALTER TABLE `tb_pesan`
  ADD PRIMARY KEY (`id_pesan`);

--
-- Indexes for table `tb_stok`
--
ALTER TABLE `tb_stok`
  ADD PRIMARY KEY (`id_stok`);

--
-- Indexes for table `tb_user`
--
ALTER TABLE `tb_user`
  ADD PRIMARY KEY (`id_user`),
  ADD UNIQUE KEY `username` (`username`),
  ADD KEY `id_level` (`id_level`);

--
-- AUTO_INCREMENT for dumped tables
--

--
-- AUTO_INCREMENT for table `tb_level`
--
ALTER TABLE `tb_level`
  MODIFY `id_level` int(11) NOT NULL AUTO_INCREMENT, AUTO_INCREMENT=6;

--
-- AUTO_INCREMENT for table `tb_masakan`
--
ALTER TABLE `tb_masakan`
  MODIFY `id_masakan` int(11) NOT NULL AUTO_INCREMENT, AUTO_INCREMENT=24;

--
-- AUTO_INCREMENT for table `tb_order`
--
ALTER TABLE `tb_order`
  MODIFY `id_order` int(11) NOT NULL AUTO_INCREMENT, AUTO_INCREMENT=32;

--
-- AUTO_INCREMENT for table `tb_pesan`
--
ALTER TABLE `tb_pesan`
  MODIFY `id_pesan` int(11) NOT NULL AUTO_INCREMENT, AUTO_INCREMENT=64;

--
-- AUTO_INCREMENT for table `tb_stok`
--
ALTER TABLE `tb_stok`
  MODIFY `id_stok` int(11) NOT NULL AUTO_INCREMENT, AUTO_INCREMENT=19;

--
-- AUTO_INCREMENT for table `tb_user`
--
ALTER TABLE `tb_user`
  MODIFY `id_user` int(11) NOT NULL AUTO_INCREMENT, AUTO_INCREMENT=13;

--
-- Constraints for dumped tables
--

--
-- Constraints for table `tb_user`
--
ALTER TABLE `tb_user`
  ADD CONSTRAINT `tb_user_ibfk_1` FOREIGN KEY (`id_level`) REFERENCES `tb_level` (`id_level`);
COMMIT;

/*!40101 SET CHARACTER_SET_CLIENT=@OLD_CHARACTER_SET_CLIENT */;
/*!40101 SET CHARACTER_SET_RESULTS=@OLD_CHARACTER_SET_RESULTS */;
/*!40101 SET COLLATION_CONNECTION=@OLD_COLLATION_CONNECTION */;
